日期,GAR,trio,V8,豆粕动量,小票
2023-07-28,100.0,100.0,100.0,100.0,100.0
2023-07-31,100.35055203675087,99.13916538609726,100.866076159105,99.537251272559,100.13639632369862
2023-08-01,100.98347845464306,99.14954068583788,100.88445514731568,100.5552984729292,98.7239915673612
2023-08-02,100.45294638455408,98.60556524665986,100.87927805952796,100.7866728366497,98.51448503162862
2023-08-03,99.2844229384694,98.7295470442288,100.90979638075363,99.6298010180472,98.09886311893996
2023-08-04,99.9361694453266,98.70044335817286,101.33415542389668,100.6478482184174,96.75884234994176
2023-08-07,99.21384971705852,98.40077819634064,101.34935200091806,99.537251272559,96.03753023528608
2023-08-08,99.2578656409558,98.49487992204338,101.05047239409495,99.12077741786209,96.60409708039992
2023-08-09,99.93357791128147,98.2060604248726,100.50794769440388,101.20314669134656,95.81599061829688
2023-08-10,99.54476859105549,98.53273676979104,100.4279275332738,101.3419713095789,96.92801194416054
2023-08-11,99.90573330143005,97.6656681200939,99.77783351306668,102.08236927348446,96.19556999091932
2023-08-14,99.9774054889014,97.61546436047578,99.78225957454475,102.6839426191578,96.64622289180129
2023-08-15,101.04041821264464,97.67554863162113,99.68656115719251,103.5168903285516,97.11152127319018
2023-08-16,100.49750765116596,95.79118581778587,99.06860846686295,103.37806571031926,96.18822773224863
2023-08-17,100.72942990693856,95.96347303684874,99.4985769825602,105.0439611291069,97.61015346392313
2023-08-18,100.30811625811089,95.51860236805096,98.80675136301316,106.24710782045348,97.94285768091189
2023-08-21,101.27419370546626,95.03873198178997,98.53495268853383,108.4220268394262,98.28611101344616
2023-08-22,100.71179229245348,95.52897710366597,98.97642807140446,105.13651087459507,97.0374958281074
2023-08-23,100.78305680503937,93.9743585830795,98.06168087959384,105.0439611291069,95.7623891326492
2023-08-24,102.16694323208692,93.8520676515805,98.10143003677418,105.7843590930125,94.4960149624332
2023-08-25,101.2887251270755,93.6567403505658,97.22923459391043,108.00555298472926,92.65360277539612
2023-08-28,102.22042195586482,94.29404199805552,97.49358158919937,109.0698750578436,94.52790518996883
2023-08-29,102.77853572567597,94.49260917443844,98.50861598659375,109.76399814900508,99.8758014906928
2023-08-30,103.67209598506138,94.26168614709226,98.9059875221549,109.53262378528458,103.12152172025964
2023-08-31,104.03122119751478,94.06559525198034,98.86493489415484,109.76399814900508,102.09520477985288
2023-09-01,103.49683658397473,94.36186668495442,98.81692026137988,108.60712633040256,102.85845975398722
2023-09-04,103.00623599291782,95.36778175635229,99.96324193404696,106.61730680240626,104.35807121489856
2023-09-05,103.40400529229046,95.06993250132103,99.53885641157846,107.7741786210088,103.33408282720691
2023-09-06,104.01666214137062,95.06010714471088,99.4727528362569,109.44007403979641,103.2392009918076
2023-09-07,103.65522888699796,94.89812175312156,98.366001758453,109.57889865802868,101.39545977238696
2023-09-08,103.3481392659601,94.50051175800182,98.04811699734267,107.54280425728828,101.0111150501533
2023-09-11,103.46114473555158,95.714874668267,98.4986598296755,108.60712633040256,101.41966601016487
2023-09-12,103.3384960402155,95.63872008138333,98.68944207260868,107.40397963905602,100.93410542596337
2023-09-13,102.28229951390556,95.72093036724976,97.92276665151954,105.69180934752428,100.32968378563116
2023-09-14,102.55492842652669,96.1573456305942,98.38469675367,105.1365108745951,99.52986990155414
2023-09-15,103.47844025004716,96.02636396887974,98.23930168437978,107.35770476631188,99.52855094656336
2023-09-18,102.3518346029821,96.18085028274362,98.01869715217693,106.05995947720608,101.10740011818604
2023-09-19,101.64093000156002,94.14676889131034,97.5539159133658,104.79156862994354,100.35784455716721
2023-09-20,102.14622636320918,94.14818962861688,97.05472518602356,105.43639262805496,99.88424093459564
2023-09-21,100.94823351195186,93.73238930153413,96.27951056229584,103.93472552440228,98.69653291650222
2023-09-22,100.49941850158002,94.09225705481056,97.39056269721014,103.62894686478316,100.4191571444412
2023-09-25,100.50552736634386,93.90547120804456,96.91931349407696,103.90274637473182,99.9375702046132
2023-09-26,100.35491800847988,93.65915985837442,96.51724200653663,103.4599502413425,99.6165218305636
2023-09-27,100.21580386731257,93.62913802944357,96.39015665017888,102.48321299016263,99.94878870679096
2023-09-28,99.81297736169763,93.47883394868916,96.63662821174717,101.5471792613756,101.39439086253246
2023-10-09,99.13486958016357,93.41319088151864,97.23874650054228,100.78902108712926,99.91531241449232
2023-10-10,99.0091629545365,92.62330595397869,97.22557474276194,99.48482717067832,98.91349040228276
2023-10-11,99.2397261839731,92.45112400444818,97.68781021460936,99.64499133585652,98.60271411851456
2023-10-12,100.04929533920837,92.80208526851588,98.0875731170424,100.4458121617474,98.8739772719671
2023-10-13,100.31083663607257,92.36959943152992,97.28057192731202,100.78902108712926,97.18998909254408
2023-10-16,100.27041511207378,92.52219049585288,96.56943820701468,100.82946523058176,98.37648801697443
2023-10-17,100.64736270983224,92.7963787674982,96.7338517253081,101.42220204982549,98.49754935613898
2023-10-18,100.72802088390462,92.46120144827128,95.78603809023129,101.6624275644996,96.26114054818407
2023-10-19,100.3147641867779,91.59064283229246,94.78575684283832,101.27433588893804,95.97173174299516
2023-10-20,99.95731368227617,91.35443540062676,93.9997807529372,101.17233136102053,95.85981132125166
2023-10-23,99.24241931794178,90.77354341076526,92.84488739462785,100.5711615054388,93.42820049268728
2023-10-24,99.22384422400232,91.17858731315434,93.42848096715296,100.9302576207064,97.44027286853708
2023-10-25,99.40866052055377,89.90626181120598,93.80505079361964,100.5458623964249,97.87671698641016
2023-10-26,98.32164811627882,90.05981148097489,93.52518914566984,99.37171015369344,97.95645649840029
2023-10-27,98.67220457306394,90.41079694572532,94.22292903966373,99.65707521148283,99.39246456405128
2023-10-30,99.28298743091447,89.94290850808945,94.8261733071811,99.8246088147786,100.26510333651623
2023-10-31,98.66170853861252,88.95973642946102,94.53366127816624,100.06285370455134,100.8075744385829
2023-11-01,99.5825980808906,88.92945654273277,94.4240182720025,99.69465705672074,101.61042931372224
2023-11-02,100.9238831091489,88.85875244557498,94.7915835074842,99.91124332015052,100.91907203146555
2023-11-03,101.6744007612134,88.87444835210539,95.48305183507402,99.84626744112155,102.1840325548062
2023-11-06,102.66330256706225,88.64932164273179,95.41214570018968,100.46983936347465,103.32725251249633
2023-11-07,102.44668433449957,88.6751513050568,95.61955763488685,100.14670603827922,103.8640577444677
2023-11-08,102.9730791907451,88.57132163256864,95.35636996402592,100.2832570571051,104.10406727465696
2023-11-09,103.06355228538942,88.92601686883017,96.92558661410445,99.8103707071158,103.39782051028112
2023-11-10,101.93021550490174,88.82223908028887,96.99481245846388,99.00183904057576,104.58145045377849
2023-11-13,103.06832125168452,88.7930989096463,97.43597051612112,99.63989472909635,107.4886658498713
2023-11-14,103.6255212551598,88.701301493844,97.07879173889104,100.5839419659784,107.96297112338232
2023-11-15,104.90844120318516,89.04409841581092,98.0334646784478,101.61381167894064,108.75874165499462
2023-11-16,104.66949345550616,90.84683843806016,98.0149228462031,101.44216672678026,107.71496846724156
2023-11-17,103.99286126036702,90.78224634753228,97.63490653656284,99.16787111065533,107.91546850899614
2023-11-20,102.72157584723462,90.93092138178396,97.42196926308884,97.83222584820771,109.31455160507642
2023-11-21,103.50616283134542,91.05532547031032,97.66151398333425,98.8815909271364,112.43455435722784
2023-11-22,102.90717161915921,90.91866831531084,97.33371007637037,98.13395434283709,116.34334864981977
2023-11-23,102.8084255226634,91.29112999373568,98.30519352166571,97.95367364618409,115.32025329019775
2023-11-24,102.97901421965103,91.37486162663926,98.79157510675866,98.1443526908189,116.45150846587542
2023-11-27,102.38174050091231,91.33431863281344,99.44730048262956,97.58785911499584,122.29456763144255
2023-11-28,102.5568574797418,91.3995981132766,99.46920289592414,97.8422149597786,119.80703862279418
2023-11-29,102.50219039885793,91.3234229790514,99.58005913468922,97.8422149597786,108.8101673350421
2023-11-30,102.47349359832758,91.32970796894284,99.33449544731016,97.75742967818438,108.54908608689186
2023-12-01,102.124886334241,91.52791769659618,99.60542074821184,97.33350327021306,105.04020392892576
2023-12-04,102.74119345043069,91.82207239959864,100.06570998752366,97.50307383340156,104.7985922504094
2023-12-05,102.10837775200044,91.14937020234228,98.45797882373688,96.40086517267618,112.55166810504558
2023-12-06,102.61224935175073,91.08122894221016,99.02440257265155,97.75742967818438,113.6612186455562
2023-12-07,102.00061181874776,90.98256731595826,98.40600915196788,96.65522101745894,119.10175687294912
2023-12-08,103.0400917482141,90.85995243919425,98.54160636172958,98.0965708045614,119.16654545380992
2023-12-11,103.28149381742897,91.31292996000973,99.88487970764244,98.69006777572125,118.97331454836149
2023-12-12,104.219209333,91.61666883702078,100.48555056054651,99.87706171804092,120.75172162860115
2023-12-13,104.61830596405844,91.09851747998674,100.1745701340277,100.9792703787663,122.86164862796664
2023-12-14,104.90403140948246,91.07028848679668,100.76036431138289,102.08147903949174,125.32865388823704
2023-12-15,104.46327130584558,90.83076714308484,100.11694900146378,101.14884094195486,127.69637496268264
2023-12-18,104.48598321707524,90.73340277551726,100.27656745978273,101.91190847630321,128.98815867177808
2023-12-19,104.8666992115381,90.20103654273908,100.12332692873034,102.50540544746303,127.3214300522788
2023-12-20,105.01103104368865,89.08487469733561,100.46657422871563,103.0989024186229,131.52493026049285
2023-12-21,104.2806390624072,89.21971195201614,100.1376163330438,101.74233791311468,122.57061856039635
2023-12-22,104.3596976947614,89.35191557031834,100.78856481495858,102.25104960268024,123.16761474923614
2023-12-25,104.64360891815872,89.47865111924159,101.35945075296895,102.33583488427452,130.56469176705468
2023-12-26,104.96291101407012,89.2261902530106,100.47932726223942,103.01411713702863,133.96617382309694
2023-12-27,105.4537729804917,89.69049368465636,101.17813943803613,103.3532582634057,133.98874970287443
2023-12-28,105.27613118645182,89.73777388003525,100.16281038644976,103.0989024186229,136.2495041954124
2023-12-29,104.7107977448903,89.95781876196347,100.50798267743248,102.8445465738401,139.89565306609487
2024-01-02,103.97653478372855,90.40894875736014,102.32792437511937,102.59019072905733,145.61709269550366
2024-01-03,103.27558722387064,90.81481582703384,102.75268130222295,100.9792703787663,149.0200583311206
2024-01-04,103.1283336656469,91.0850717827015,103.12399070799547,100.47055868920076,153.21124745998998
2024-01-05,102.31490704326582,90.35773740514878,102.52276931188446,99.7074911548524,148.71977039425025
2024-01-08,101.86118423137911,89.89095139368145,101.92205066723162,99.6440671164508,143.57253650682094
2024-01-09,103.0473427760462,90.19545249209052,103.59201860730414,100.93952965485109,139.20400418328708
2024-01-10,102.7320434626609,89.97053092233777,102.60840482219106,100.75246911096782,139.77136084588818
2024-01-11,103.2078708354966,89.76489227421852,102.40903592513686,101.361868013359,141.00150178248813
2024-01-12,102.507133131797,89.8586701114184,102.4401171641228,101.3436378278166,132.13791256567785
2024-01-15,102.81047984295076,90.21770956013184,102.64559335761298,101.97245658786504,127.49887150037908
2024-01-16,102.47782061451736,90.4277656558574,102.15990862425812,101.49168368128156,133.09151676161088
2024-01-17,101.92469431965378,89.74250319781102,100.93581090358606,100.97011157610754,130.0713542800028
2024-01-18,101.67712393487376,89.57355575382547,100.88746604838772,100.94481326862194,131.70018823388727
2024-01-19,102.78517053437328,89.18663598159954,100.7011457841542,102.3136164101454,135.70660908067708
2024-01-22,104.1900142531256,87.94097433914254,99.1213438560026,105.3942571924776,126.6951953450162
2024-01-23,104.0095735746068,88.47597040984323,100.39987235910768,104.653203821593,127.4188864231642
2024-01-24,104.71534111406288,89.31339678090399,102.2912795843325,105.22957866561438,129.6659226192738
2024-01-25,104.09961786733828,91.0843242436856,104.45817935979798,104.653203821593,133.51613203577003
2024-01-26,103.26155124466561,91.67109273370848,104.91226527483263,103.82981118727676,129.78738090804458
2024-01-29,103.10068247911224,91.65743438825588,104.56978123292025,104.73554308502464,121.52681603105589
2024-01-30,103.86335447538582,91.11928443345636,104.40384328311308,106.3823283536571,119.18939586428807
2024-01-31,103.5684508042815,90.90420010190432,103.26269185922396,104.07682897757165,118.91521406539314
2024-02-01,103.63936272997788,90.2447904835279,101.7527011758373,103.08875781639215,113.7814239663044
2024-02-02,104.2986011385347,90.08540738816912,102.75719682531646,105.64127498277249,107.83514126247891
2024-02-05,104.40990631177394,90.10585317620216,102.52907922757932,106.13531056336222,99.29070379756858
2024-02-06,104.51321021898818,90.82332063423482,103.39698614713208,106.2999890902255,107.3214496514572
2024-02-07,104.0595714251398,91.75522127948663,104.20675709952954,105.31191792904598,105.3243271895022
2024-02-08,105.69726136487144,92.31538950583598,105.83961483685246,107.69975656856307,107.63319619035452
2024-02-19,105.75306865796752,93.6572416633848,108.39768305855976,107.1233817245417,111.33260951224186
2024-02-20,105.51827591548108,95.38846536946149,108.4151778438799,106.95870319767845,114.1001601516898
2024-02-21,104.6162766121106,95.55414509064664,107.59632311103218,105.55893571934082,115.97985006372235
2024-02-22,105.41926447925889,96.67443505406438,111.1245331727132,107.37039951483658,116.96174304123068
2024-02-23,106.16240625660144,96.44075853226616,111.22319168233324,108.77016699317417,117.36166191395124
2024-02-26,105.6843998009154,95.65708209458232,109.46921719965366,107.69975656856307,120.17173781797612
2024-02-27,106.09268643951428,96.13346952518756,110.03415956697582,107.53507804169982,126.03105229710864
2024-02-28,106.36295930446931,95.59657219490629,109.48371461291579,107.78209583199467,117.16222618691263
2024-02-29,105.979638906575,96.07279048076532,109.59133514159105,107.04104246111004,120.76052260602164
2024-03-01,107.45377535062424,96.16157906977146,111.2143000481278,108.77016699317417,120.8419918235499
2024-03-04,108.9053793935461,96.81752125174236,113.18167395504256,109.67016062549135,118.5636851373474
2024-03-05,108.71418916351152,101.64969065624166,112.44358167038338,109.18496508232674,114.54014715213567
2024-03-06,108.5849951671243,101.62611817415883,112.52406045867396,109.05563645639351,116.74283540790469
2024-03-07,108.62363011132076,101.93964244181588,112.40126525422347,107.41183500105625,116.05563851812155
2024-03-08,110.4529079105597,103.50102928849556,112.78081220304124,108.71874853253371,115.68602228509106
2024-03-11,109.6612216606869,103.08414992511447,110.55221164568631,113.86504538713402,117.4516874051087
2024-03-12,109.71556173152457,102.07884235975794,109.21034719596517,114.54576033238315,118.5317249591022
2024-03-13,109.84953671608726,101.97113000785234,109.5686558766922,113.92692856397484,117.33834537464594
2024-03-14,110.32114952819263,102.11213116165867,109.34893427612178,113.36997997240734,116.8773926460359
2024-03-15,110.23722589711078,102.13126327046209,108.37884490483194,113.4318631492482,121.04186325781797
2024-03-18,109.85440471229091,102.25238845856536,107.8730407853308,116.0309565765632,122.28911387714348
2024-03-19,109.94213606698044,102.1520803430052,108.14627521909202,114.66952668606484,121.57930483105326
2024-03-20,110.67432282613254,102.36740825740665,108.68190913719754,114.85517621658737,122.31592689950833
2024-03-21,112.71552712442102,102.89028413721198,109.44322177807528,114.23634444817905,121.85977712241338
2024-03-22,112.13492067762454,102.485600129937,109.62361561848996,112.44173231979484,120.68953596477357
2024-03-25,110.98841877938126,102.46639860239249,108.69633638935264,109.80518214026314,118.86816509578802
2024-03-26,111.38778094696366,102.29955325760372,107.57395795900293,110.28339995662633,119.42097965125468
2024-03-27,111.7890744084675,101.554020007022,106.96952687583587,108.86083582112742,121.1518005638671
2024-03-28,111.49021479687839,101.84957018423553,107.37638401758541,108.4741424903895,124.48709408624016
2024-03-29,112.10980386765108,102.80128616784263,108.0713612637219,109.45780561444604,126.29641553473438
2024-04-01,112.70263814916697,103.14590273785842,108.36366730772082,110.21288299579118,129.13190167489773
2024-04-02,112.17799180534776,103.4301750449153,108.3915100836862,109.76857059243731,129.44572243573904
2024-04-03,111.42504848189641,104.02309535156074,109.08007473670374,110.2291991763703,125.21069880652604
2024-04-08,112.24489428717972,103.72905728834505,108.94778687521838,112.76797323879784,119.73261416273937
2024-04-09,112.5370067137964,103.39438715844469,109.0676989384315,113.08390891279521,121.79786414787992
2024-04-10,112.60889538322787,100.99909407553386,109.85271041584286,113.48409409985855,123.46668998486771
2024-04-11,111.51347089484818,101.5060221328692,110.06165362997136,112.64159896919888,121.7679998594551
2024-04-12,113.10387769292802,101.34837879914474,110.46044072594658,115.92732997877162,121.78415544850812
2024-04-15,112.76468714405885,102.48352023769908,110.98909370641086,114.09490306958683,116.15282771491016
2024-04-16,111.83551537292968,102.12041125198176,109.55875390023976,114.83208630891404,109.33012968534956
2024-04-17,110.62990927597855,104.4641667762506,110.08993333912711,115.02164771331248,118.83715171617656
2024-04-18,110.688844099514,104.49466002169838,109.98045626867834,114.68464966104858,121.09232040847218
2024-04-19,110.29328143033214,104.76076154343264,109.2274196087591,115.23227149597739,120.71492701115028
2024-04-22,109.63453255214183,103.61544897733374,106.98771108737904,112.97859702146272,118.02395432504849
2024-04-23,109.5488584825875,102.73752612720612,105.97254712191302,110.1983630902858,121.64626185462171
2024-04-24,111.36742557684482,102.8050594786721,106.6395649439854,111.35679389494288,125.06747947240524
2024-04-25,110.37243316567766,103.11005121882258,106.44193571395026,111.37785627320935,124.08558564113062
2024-04-26,111.30000908917317,104.79984816524296,106.71340189419658,112.24141378213552,124.79077179520314
2024-04-29,111.30768727984312,104.67175726410628,106.96519836825912,111.50423054280829,128.29694420069748
2024-04-30,111.52773392024025,104.92714181048403,107.32982355475087,111.33573151667638,128.64848654634193
2024-05-06,112.49407519987211,105.55052649092815,107.85832447586805,110.66173541214866,131.76068507429747
2024-05-07,114.32444501388169,105.6677381439954,108.34040440686898,110.95660870787954,132.66006307831702
2024-05-08,114.580596556828,105.75200305532417,108.41900269567095,110.80917206001408,130.62144255166726
2024-05-09,114.17392351859866,107.2265998068708,108.55639330611857,110.57748589908267,132.41618307828017
2024-05-10,114.37524356352795,107.40539572136628,108.69142773780595,113.08390891279521,132.42107469231553
2024-05-13,114.84853946379216,107.31143158509822,108.45590954615383,113.2589638780171,130.98250265622983
2024-05-14,114.67273220003445,107.1230490237663,108.27426293848434,112.94306282850914,131.56997919012596
2024-05-15,115.52157546834567,106.87134485968674,108.36041846836892,113.7437801495105,130.1916147345743
2024-05-16,116.5277094178522,106.77001850657486,109.03145356764358,114.1044563303667,130.86157459195164
2024-05-17,116.84086670790197,107.09496458692995,109.10309469892188,114.80437432363028,132.78630947664638
2024-05-20,117.13520500633932,107.86303718988796,110.13314278392328,114.35585304945242,132.06581942974933
2024-05-21,117.13271235291182,107.88054309553208,110.27194468424098,114.45456332398795,131.2181559523062
2024-05-22,117.73217289932154,107.62808375895574,110.4354972298857,115.39231093207584,133.50891783543284
2024-05-23,117.70979401036242,106.89900064666338,109.76167937056891,115.54037634387917,132.82196924906907
2024-05-24,116.24203943288217,106.72152307091334,108.70477955860846,114.60262873579133,130.42621211410852
2024-05-27,116.90009936117956,107.6620029327793,109.87852547117932,114.50391846125574,128.8200665296027
2024-05-28,116.70493263294668,107.04142299020516,109.74189519621189,113.41810544136453,130.2984612117002
2024-05-29,116.00588163030122,107.28611165882992,109.69689566030078,111.78938591152767,130.94968504569
2024-05-30,114.80910835965967,106.73675420923124,108.76222318815356,110.85163830343984,128.42088776173298
2024-05-31,114.9295139707642,106.65986000271272,109.00800895303652,111.34518967611764,128.69349960681427
2024-06-03,114.65645376122995,106.47646482288935,109.33747771688506,110.70868849149346,124.31937766394286
2024-06-04,114.98735553145974,105.87171119283177,109.18881750512558,110.87048614076878,122.36199863898266
2024-06-05,115.59058190756228,105.00025235503448,108.78483628428927,111.74004149317646,119.31358052599126
2024-06-06,117.03704794413534,105.28432708168609,109.44911192102262,113.01400535881476,113.49929413901532
2024-06-07,117.1767762867495,105.49210437272107,109.1439601853919,113.0787158575291,117.3134403404546
2024-06-11,116.38100075557394,104.76785487283873,108.82945986991086,113.10027081083118,117.77989565927902
2024-06-12,116.98359003110038,105.54104785241427,109.61393899489246,114.15425182913998,120.16576696798484
2024-06-13,117.22681304953674,105.03926522872734,110.12094336540682,116.42436479165129,119.4374398690507
2024-06-14,117.51030851831688,105.15064983553285,110.1371565259002,116.34328932870449,119.50642663345079
2024-06-17,116.9496756013157,104.24697731863355,109.82347381340465,116.82974210638548,116.46892464020672
2024-06-18,117.22253697202147,104.48784349249172,110.45621658547222,118.37017590237528,118.417408488904
2024-06-19,117.50847836748714,104.37599141443452,110.5177273649446,118.53232682826894,120.55527120928325
2024-06-20,118.20594148989396,104.17084973493374,110.0977160264151,119.34308145773728,119.01574723896698
2024-06-21,117.10186343953062,105.91778598226796,109.65578473969289,117.55942127290695,120.53881649274136
2024-06-24,116.72333876964332,105.26675599940256,108.0945083974563,117.07296849522596,114.97188959538214
2024-06-25,116.43038597351931,105.44502991727114,107.55288083377262,115.85683655102348,117.4809396756836
2024-06-26,117.40621070784762,105.62167004180874,109.17463915126784,118.04587405058795,123.67782505174382
2024-06-27,117.42241463104348,105.11719993283238,108.13477075851168,117.96479858764113,120.30037505320708
2024-06-28,118.538041611758,105.69416541403794,108.74240055475877,119.58630784657775,121.12251294657807
2024-07-01,118.34325938347465,106.53183510882911,109.47688530791488,119.42415692068408,122.40136923205075
2024-07-02,118.82057614247267,106.41095175182342,108.89926630013616,119.50523238363093,121.9706312196442
2024-07-03,119.82215409117892,106.04311512629685,109.3163124584073,121.6942698831954,118.99611281313707
2024-07-04,119.0315470570992,105.69081417214908,109.38907510392374,122.4239490497169,115.82423042807584
2024-07-05,120.07208748209356,105.55045815925538,109.66906481162594,123.96438284570672,117.94083014556406
2024-07-08,120.5317962509354,103.86615714717816,109.36385853931681,125.82911849348386,114.24783602272164
2024-07-09,120.22114992054944,104.36328254761726,111.57459407310458,127.12632590063318,116.96209989207114
2024-07-10,119.29056644940074,103.62763892586942,110.53867151878237,125.50481664169656,115.82016272043518
2024-07-11,119.32742765695346,104.15899242038162,111.55341832116062,126.07234488232434,120.95021205584828
2024-07-12,117.22730852535706,104.08394531380706,109.65689701690322,120.9645907166739,120.70600151539462
2024-07-15,118.21189818423522,104.28578303240484,110.44093306421226,124.77513747517503,118.2851283423295
2024-07-16,118.17370054768918,104.16420760724792,110.8516508959904,124.53191108633452,128.60909900229092
2024-07-17,118.63456640502604,103.75444037263722,109.63196243142592,123.3968546050789,142.58619425839964
2024-07-18,117.64690257754356,104.13756380855187,108.74352005971319,121.20781710551442,135.6405696585773
2024-07-19,116.3882533660373,103.73858901552448,107.55270675106044,119.26200599479044,135.64578464564738
2024-07-22,116.12900022130756,103.22662670093598,107.4230829233671,118.84567876747445,134.07701747303037
2024-07-23,116.5853799418671,102.37516214813974,106.23698708549894,119.07159699086549,131.48495116586315
2024-07-24,115.95825495272727,102.42926826715006,104.69702680497622,118.77776499312344,128.60184310537818
2024-07-25,113.55560229961014,102.22939275040778,102.63955303976373,115.60801505395656,135.07228583257503
2024-07-26,114.12034310116952,102.72382965419095,103.5206155062284,115.95060752586342,136.80502049387744
2024-07-29,114.704160434507,102.71603729618022,104.40301901515463,116.6980000214509,139.02551639055764
2024-07-30,113.97874896648467,102.19413035375152,103.14577000005669,116.84964026651312,139.16063056931057
2024-07-31,114.39024317074526,103.47179630772474,105.44011770300156,117.7594817368864,142.30184483324234
2024-08-01,115.49016785367027,103.34424101020147,105.5754277685961,118.7126489915632,139.39588954079554
2024-08-02,113.31117298180342,102.86674025077112,101.81526253888438,119.25422129535683,137.89141599073193
2024-08-05,108.27514338840076,102.08765916896884,96.16008657622665,116.24307928626423,132.79357189321968
2024-08-06,109.26069980929147,102.10154990285932,98.42196939998333,115.3982264923462,137.9083425417901
2024-08-07,108.974673290752,102.26083330582824,98.6432591685994,115.93979879613985,136.70486747803338
2024-08-08,108.40162919697372,101.63071905188426,97.88066147796089,115.87481011968454,138.38333001437184
2024-08-09,109.79234189803672,100.45123760680016,99.52972433552225,116.89296605081661,137.52083844749717
2024-08-12,110.3525872732703,100.47760686429842,100.08316368536097,117.78114462903817,138.32429634650703
2024-08-13,109.92446448285746,100.59176465162334,100.76469091476288,118.5826716386527,138.33049216137542
2024-08-14,110.90093416455544,100.2340357502233,101.30070469160893,118.19273957992131,137.93597001853374
2024-08-15,111.74825205968426,100.64398244365742,101.92694054570917,117.91112198194864,139.476504380879
2024-08-16,113.15642407777374,100.61611887820867,104.01478810353,118.1277509034661,139.5988265258662
2024-08-19,112.12180740707136,100.92865691884607,103.27998766365786,119.4275244325708,136.62634692048306
2024-08-20,113.34483231800083,100.31453479083936,103.2430768103438,119.4275244325708,135.90431249180227
2024-08-21,113.71129355506086,99.96323872795048,103.0850513535204,119.9474338442127,132.93906202377354
2024-08-22,113.55676648099735,99.75534288636403,102.90881346850549,119.64415335408825,129.85539650317764
2024-08-23,112.9207242375051,100.0039149398386,102.4038658048182,119.23255840320508,129.29348709137022
2024-08-26,113.51482372232655,100.19410877032526,102.30651575078544,119.96909673636442,131.45472284642017
2024-08-27,113.34047906066968,100.31082348180864,101.38874929248102,119.88244516775744,130.94365398738853
2024-08-28,113.81615230534237,100.0434121591765,101.3420386081102,119.75246781484697,130.35629528007397
2024-08-29,112.5944365162602,99.66692694056428,100.14611949873388,119.90410805990916,131.41167193919867
2024-08-30,113.19820899560015,100.2596376103054,102.0378440665572,119.6224904619365,132.91179636220636
2024-09-02,113.66689101743415,100.02878707806222,101.29491468730674,119.78510937216956,130.40490671051944
2024-09-03,114.17594329108182,99.98014147788872,101.54702639130456,119.97615841184978,130.75866292788558
2024-09-04,110.78278057198902,99.46108208831296,97.6554636618244,116.218377909056,128.33874332202532
2024-09-05,111.66535791021019,99.48685145083972,97.85720131072466,116.792537149304,129.95058545365262
2024-09-06,112.50145789851406,99.0804914553634,97.1950739875964,117.48394969054662,127.38082787120135
2024-09-09,111.60142294223347,98.2775472067479,97.03232795523373,116.45054206088376,126.64732330657604
2024-09-10,111.12835758353687,98.23190155240589,97.291947199827,115.67571609385902,127.09551001417285
2024-09-11,111.76484303632148,97.799931707425,97.29527662580566,116.47368924166479,125.81288839157578
2024-09-12,113.0673763444604,97.2027574175051,99.20984631139557,118.2001729344278,125.31281579711992
2024-09-13,114.0969922018859,97.02957989425826,99.67616754159975,119.25113763949795,125.46622242451149
2024-09-18,114.5609385321312,97.63695002436016,98.6903044571351,121.8175037634081,123.43511685359306
2024-09-19,114.41946311632978,98.24117348437116,99.78411997573812,119.12540423272502,126.39491922902111
2024-09-20,114.77988949368228,98.19063116372126,100.42777989381423,119.12540423272502,125.02664732729023
2024-09-23,115.04243252702196,98.59400736490412,101.13010830807924,118.69711567102546,124.03699837807405
2024-09-24,115.12395194222161,100.42442016256462,101.80143836545163,120.34908583758094,129.46738250213065
2024-09-25,114.36716976537478,101.18087695625535,101.14627529456052,118.69711567102546,132.11264360654346
2024-09-26,115.38304417149196,103.22822446419362,102.88048158817766,120.59382215855217,136.11688830373575
2024-09-27,113.97522101212417,104.50740692584546,103.38609983519925,119.67606095491014,147.20513093776236
2024-09-30,114.37848958457897,108.63250275552328,105.80895304275448,133.72768428119332,174.90806296100965
2024-10-08,112.53295690058218,110.2927189117831,108.5127983950265,160.3819386233855,210.64556136843876
2024-10-09,113.26847990414642,113.9500349248974,106.0269258146563,134.27046541957816,184.1123624465814
2024-10-10,114.10662091561463,115.51634399995146,105.70780217932725,130.19803381898433,179.4162098303197
2024-10-11,113.910437758421,117.54304797178128,104.52265404391972,123.37072201798884,169.36747749730569
2024-10-14,114.57845010700332,118.80828146409314,105.70370083572888,126.7244892184779,182.36056629807015
2024-10-15,116.00551825041134,117.21799320642494,105.76731023133871,122.47239151785784,176.36455836728462
2024-10-16,115.84680193107894,117.5251437478332,104.41094535437148,119.77740001746488,176.77567540192095
2024-10-17,115.77037911530526,116.66012122750442,104.70612222229398,119.47795651742123,180.87823923382004
2024-10-18,115.7881940234919,117.59475210212634,106.4212555013876,129.12003721882718,194.10227817292105
2024-10-21,115.9298883729036,117.37241519482022,107.20283072162175,129.7788129189232,215.29529918559885
2024-10-22,115.67954807720756,117.97660731113824,106.8347314998269,130.25792251899307,212.54614591115538
2024-10-23,116.03917528334962,118.10616006863268,105.93761145844714,129.47936941887957,219.86667706524776
2024-10-24,115.29609163597428,117.77763498774507,105.35726278414597,127.68270841861758,225.5712488725248
2024-10-25,115.0610895602431,118.36801388653168,105.9756894922333,131.51558521917644,229.4863764085255
2024-10-28,116.1721984597023,119.01939831364412,107.02110907100528,131.03647561910662,245.7828319339089
2024-10-29,116.5105723264081,118.0933155051164,106.69073821043816,127.86237451864378,261.46885967110046
2024-10-30,117.32675270314576,116.81887793672765,106.63307066370234,126.42504571843422,270.66784129147527
2024-10-31,116.06021183521156,116.60199158702385,105.78649675880128,127.08382141853023,259.3107476071125
2024-11-01,114.83398744905308,116.7987601842328,103.75849550029757,124.80805081819844,251.8249680901749
2024-11-04,114.85174974434686,117.28256434078772,105.04227622547246,128.46126151873108,275.6000531856611
2024-11-05,114.44279897624638,118.21551195542337,107.26254804645548,134.68968631963926,294.68559154837897
2024-11-06,116.88495229464834,118.04683926435888,108.8053667941091,133.1325801194122,303.33664192742054
2024-11-07,118.111420145318,119.53748780876377,109.97969587337974,138.10334222013702,321.82220183176935
2024-11-08,118.44779483800458,118.87824756049372,110.0384805175822,136.66601341992745,302.6338902615776
2024-11-11,119.73459740677058,118.57675989808017,112.32968676519629,140.67855632051257,298.2364478955332
2024-11-12,119.86445269368706,118.51013144269416,110.3175295719144,140.4390015204776,298.6539182635064
2024-11-13,119.34340389044358,118.82320491143628,109.85751234661385,142.05599642071337,300.4867344130561
2024-11-14,118.99021983413245,117.93012001048065,107.4577494529646,137.02534561997982,293.4633419751612
2024-11-15,117.08801406727784,117.51723051931168,106.47674957328542,131.99469481924632,296.10267947444805
2024-11-18,117.22333299899923,117.47886684690268,104.97805847260018,128.70081631876602,300.7352614250408
2024-11-19,117.93644457670061,117.60830639250209,106.46152587954924,132.65347051934236,289.82033087079367
2024-11-20,118.36885558930771,117.81305223638454,107.00481995254418,133.13258011941224,302.8777124281434
2024-11-21,118.21219372456753,117.80113355841884,106.75826840745837,133.13258011941224,322.7655400420954
2024-11-22,118.30784222338345,116.12639832051967,105.15918761108254,127.92226321865252,312.38486414999926
2024-11-25,119.0605613268965,116.12638167256458,105.42294592247552,128.47937622723575,321.4986919146434
2024-11-26,119.10040444499212,115.94460985209687,104.9702018175659,127.9018025783387,319.5468823985162
2024-11-27,119.36487467836191,116.60824059808724,107.17191328844802,129.50322721371688,324.6022319725139
2024-11-28,118.94303793089205,114.57116190684906,107.08098500819712,128.13498068636977,333.045819689542
2024-11-29,119.23016402540338,115.06396396605784,108.07959610335442,129.46447706300523,340.5867944206554
2024-12-02,119.23812035848174,115.70615805473716,109.43094344114822,130.08552721026754,348.6410294349365
2024-12-03,120.0275495601107,116.06097471808276,108.63598931847145,132.4507186140906,349.32935825515574
2024-12-04,119.51989714618227,116.05121786401152,107.91611754985036,133.04201646504634,348.11885792478364
2024-12-05,119.53662471881104,115.85969369865074,108.6836631136666,134.22461216695783,347.3819898653892
2024-12-06,119.15938875581766,116.64006289760466,110.47494882826486,133.8022565591323,340.1163259578844
2024-12-09,120.32330856548337,116.62746732141191,109.44904341399733,135.99850571982515,332.172203150908
2024-12-10,119.7380870553923,116.85949459310618,110.61124000233579,134.90038113947872,330.86958404718814
2024-12-11,119.6961895360866,117.51719634829666,110.04376409816086,134.5624966532183,323.55211274703163
2024-12-12,120.5011409530918,117.91252813118366,111.21902534257302,136.5898035707809,329.3591249809086
2024-12-13,120.72003502309391,116.64231967982874,109.24518039911256,137.6034570295622,329.5320174319186
2024-12-16,121.4744220737809,116.3778865929061,107.24230914344407,139.29287946086438,327.72050976051685
2024-12-17,121.03740017975882,115.96964574715705,106.32388634764128,140.47547516277595,309.5835528100226
2024-12-18,120.36615484417337,116.31565380133459,107.9515797204796,141.40465749999208,305.82668819459946
2024-12-19,118.52114221540128,116.05464889112898,108.94146054343852,137.68792815112727,308.5554651660558
2024-12-20,118.54249823507843,115.71897697438575,110.37006305309124,134.90038113947872,307.43621599130535
2024-12-23,120.29691503506082,115.75101832554104,108.45551029098253,139.54629282555973,291.72068339517324
2024-12-24,120.20784799302132,117.88213039708472,109.89846718141654,139.20840833929927,292.4911788185186
2024-12-25,121.05790280705449,117.98870870217108,109.72778351752928,140.81335964903636,280.9341913678924
2024-12-26,121.5993089044309,117.99433004700623,110.49411409541068,141.40465749999214,282.7869953432422
2024-12-27,121.2833224464128,118.03302937421536,110.30825601373331,140.3910040412108,286.4204840136146
2024-12-30,120.59497719083151,118.2809048106347,110.54178271459392,138.4481682452133,275.36355058667533
2024-12-31,120.58764328724378,117.65921864245188,106.88391099147697,137.6034570295622,275.65641510780694
2025-01-02,121.60069854122774,114.4184216317401,103.16483909982904,138.78605273147377,273.2035642504208
2025-01-03,120.85086973419283,113.70246960659375,101.3530576472078,137.94134151582267,269.6253410997025
2025-01-06,122.21361891429112,113.6387566559768,101.0450472545954,140.9823018921666,271.842096402734
2025-01-07,121.15860029272491,113.76984891231476,103.77629214527428,140.1375906765155,277.5396075672013
2025-01-08,120.7816925146584,114.12684778535818,103.7165483957151,138.70158160990863,279.7227357606162
2025-01-09,120.26601836293224,113.81492571865826,103.82780769948138,138.194754880518,283.4080031428131
2025-01-10,120.79267263640038,112.83705398053858,102.9412211251046,137.68792815112732,270.0754690986189
2025-01-13,120.80525356759179,112.00613797823749,102.61856032782704,135.91852140068335,265.4734533406653
2025-01-14,121.47752490316448,113.25744325952512,106.49565697507333,136.3506272538056,284.7281700820804
2025-01-15,121.6028816702573,113.08679870076782,105.92290151070434,136.18631743318312,284.1160694677849
2025-01-16,122.64790430333004,113.60069205913852,104.5458186629936,138.13308742369284,286.5064936372264
2025-01-17,122.8228156098021,113.67640956446846,105.757290799533,137.9533533334802,286.8084365259824
2025-01-20,123.77405467469195,114.25717928875531,106.15052926566646,138.68784308348805,288.17583710161875
2025-01-21,124.35461179106034,113.91743685706884,107.2969700313842,139.7848346497589,285.0869607457589
2025-01-22,124.79960322753338,113.33658491738012,106.54109880092986,140.00342159770145,279.001823260918
2025-01-23,124.23014636436022,113.61794796311176,105.6452191851918,139.84956510679638,280.0315717170281
2025-01-24,124.5546477759939,113.946484749243,106.90817125368616,140.35555938942855,283.57058085039995
2025-01-27,123.31235865758326,114.20702594179409,104.68612058705892,139.2755135672305,279.78262635386085
2025-02-05,125.71169563807834,113.44261808274312,107.84068664030096,144.96320469720118,280.4226083639963
2025-02-06,125.62712043226448,113.6942887475125,111.66301857349316,143.57774147323394,290.60435258112614
2025-02-07,125.52204012871213,114.93209316779914,112.70375935470929,143.65066059028482,301.13117705552764
2025-02-10,125.26309369325,115.02866000345028,114.08445725777582,143.2131458879794,309.92560823215223
2025-02-11,125.49859787200224,115.1330950695848,112.9993784974388,143.2860650050303,312.3452837953723
2025-02-12,124.70687683443214,115.27636960864116,115.30230015687634,141.24432972760496,323.3829206776176
2025-02-13,124.83121442794472,115.55392740987006,113.13845887370395,140.6609767911977,313.93247119035226
2025-02-14,125.80724349945595,115.6232862178804,113.74632452609256,142.55687383452124,314.4680792782155
2025-02-17,124.93647263843182,115.41570377489616,115.35893207147738,142.1016218945787,322.66822474357963
2025-02-18,125.69015952021245,114.85553163214996,113.3040669489202,140.6325711992892,309.3569900735601
2025-02-19,126.26990022047254,114.95260755638787,117.27634228044683,143.29078294881376,315.1570398422709
2025-02-20,126.31608727083412,114.95465330467644,117.0199811434029,143.7445132973427,320.0576965246853
2025-02-21,125.92953046882364,115.0986484890358,122.39784818268092,146.16722028416868,321.44962874403353
2025-02-24,124.59568180368406,115.07947338983458,122.5517759256016,144.93132985614906,325.25461033899325
2025-02-25,123.82263244794352,114.53560104176876,121.92092404379169,143.3652101278521,320.25223478526163
2025-02-26,123.10971196214962,116.28239436217828,124.55849970201773,145.06183983350712,327.68319460654624
2025-02-27,123.99293944790432,116.68608762330774,123.79188769544368,144.34403495803772,330.8812210655633
2025-02-28,121.75268904729168,116.1739495193421,117.35274983056692,138.8626159089983,326.81105572105247
2025-03-03,124.04916544404404,114.90566647215874,116.08528767684984,139.580618852681,336.97193551907907
2025-03-04,122.67189136957764,114.94397895799094,117.29359745584276,140.0440759631926,354.4933864516628
2025-03-05,121.85470569653982,115.06502355578098,118.20021770814722,140.64428906112073,360.02838843589484
2025-03-06,122.0235920360101,115.36235033863416,120.52699695759104,141.64298608093767,361.4942921965893
2025-03-07,120.88328548184029,115.4101740100745,119.88620603191012,140.68255900309356,363.3528651758626
2025-03-10,121.45881337282636,115.3064313961354,119.72634677840614,140.8802877173333,368.6710612142461
2025-03-11,118.03361589755946,115.56690108483568,119.28275766868282,140.3926145752667,372.5675599818819
2025-03-12,117.82768797214808,115.59648247705981,118.87390588612692,140.38169583077715,384.40510732002895
2025-03-13,118.28548413762692,115.6920006135684,116.71666272275188,140.33798462864604,394.8811201464106
2025-03-14,119.30337916269956,116.36969246575622,118.34084549798074,143.23184275006446,420.4766233390212
2025-03-17,119.38030589496708,117.06183411951332,118.2089095633426,142.92629494094214,420.7246845784068
2025-03-18,120.18853369314402,117.19554134118854,119.25427745925099,143.87973128775033,423.67290500941886
2025-03-19,120.00785333407845,117.55043546685818,118.59339973217548,144.60109699179952,408.5733449631461
2025-03-20,120.56899946566548,117.42150135425872,117.60564457446958,144.14160411891453,403.09306945348783
2025-03-21,120.21377813562594,117.34873595929145,115.53246184618162,142.47080252985668,396.5615854701943
2025-03-24,121.1908507220877,117.87356926778878,115.57803263047788,142.53917766596305,384.67740555218194
2025-03-25,121.86176711256158,118.00933066224233,114.27335713583369,142.41303680077192,388.7596072052958
2025-03-26,121.1199226595109,117.88997863751798,114.6612038046384,142.85452982894083,395.2503310806641
2025-03-27,120.33887378449384,117.78185752237977,114.8757101391842,143.21192894698237,400.92794164401386
2025-03-28,120.12911595361923,117.40899244196024,114.01248728635008,145.8608871159958,390.30227012631
2025-03-31,118.9373720823222,117.20851112791767,113.17136894724588,147.41662445335294,382.1836793356195
2025-04-01,119.57693977308652,117.36281792266297,113.1235397961166,148.34165746475446,394.9569386294192
2025-04-02,120.01042654792012,117.35754563888676,113.36624994861634,147.77402357139445,393.3443166485955
2025-04-03,119.68771024739384,116.91172515226282,112.11071780106036,149.1405496109649,398.7814489431069
2025-04-07,113.33540784557322,108.06443876756298,105.55573163344462,144.5784549865528,335.6387517187994
2025-04-08,116.97233466421142,109.42607612586566,103.12372706606581,145.58758190808172,353.10527755433463
2025-04-09,115.4601652766874,109.60259661160121,104.97107344373732,147.41662445335294,378.8290564277992
2025-04-10,120.699640813286,110.39707926157412,106.79534533606656,150.61219303819456,391.63820040854006
2025-04-11,120.21081339302722,110.11388017699322,108.3896827665414,152.90375208916657,387.9289266082969
2025-04-14,121.55093252177322,110.52027068072906,108.68107353363644,154.03901987588662,397.82888961997
2025-04-15,120.508607115202,110.8016967654942,108.1378135844457,153.99697292082294,395.1819298931376
2025-04-16,119.34159493653948,110.81492347583799,107.33060290346248,157.73915192149275,393.4473789900804
2025-04-17,119.57066788383868,110.87974838116781,107.4858460624591,159.0426075284676,397.7704130715043
2025-04-18,119.30399867912492,110.96033434655234,107.32985282196586,159.42103012404095,394.8627226873851
2025-04-21,119.4755748084352,111.07905839477992,108.28406892121374,162.38534045603222,402.52890897730714
2025-04-22,120.38012740473624,111.34070310506851,108.05901496260016,167.80939765925032,402.4595781297779
2025-04-23,120.70154768433883,112.40907397142772,109.46626964961663,157.67608148889718,405.52750329103696
2025-04-24,120.51973807331686,112.61959554767571,108.47799718536828,159.4000066465091,401.09775267464585
2025-04-25,121.77527151040842,112.64073969077305,108.96998885488615,158.30678581485276,398.2062157295834
2025-04-28,121.1824649257048,112.5446097095952,108.5914260973154,156.94025977528233,392.9812652403824
2025-04-29,120.93545438226431,112.60533359751426,109.10082793888618,158.0334806069387,400.45780703560416
2025-04-30,120.63347794677316,112.19646948538262,110.22389246394089,157.06640064047346,406.65231017383377
2025-05-06,121.62342973251086,112.55120214232012,111.8667836972755,160.0307109724647,420.95537584276326
2025-05-07,122.00026546898934,112.941889962405,112.01526963870027,161.271096146844,427.24229534160366
2025-05-08,122.4873991054609,113.0181594511772,112.36587306755057,158.8744197082128,432.5808437762531
2025-05-09,122.4006186132956,113.1198061964816,112.24040609137724,158.3278092923846,428.3945440606173
2025-05-12,122.91663202372946,113.45230825225532,113.05087686011352,155.06917027494742,432.37590649183
2025-05-13,123.02604189034444,113.68830833098733,112.59064420820468,154.14413726354587,428.31569373228933
2025-05-14,124.67207216305005,114.99285714587684,113.13054755473162,152.98784599929394,429.5822989619542
2025-05-15,123.70931658074858,115.80941592060398,112.12948349437617,148.46779832994557,431.4988435579161
2025-05-16,124.051319481171,115.55853389919677,112.07263987393317,150.88549824610865,435.16499231370227
2025-05-19,123.5809742394434,115.82389796426959,111.77461234677504,150.8392542482195,440.3862663302459
2025-05-20,124.22184496251283,116.2118520755338,112.2546455989165,151.3418854560557,452.309223006144
2025-05-21,124.96534978682644,116.58763470666598,112.2519214858051,153.6309751486549,448.92040434368374
2025-05-22,124.4332867204085,116.48180968579034,112.00883975738591,153.37723638250353,436.58868645828886
2025-05-23,124.12698725905112,116.0603667191896,111.54331362015428,153.23161034011764,431.9454574684452
2025-05-26,124.24623147038234,115.98994984540427,111.42382308339495,154.03686745002122,438.23428291097184
2025-05-27,124.6030838151105,115.91245654495114,111.27278592713532,154.73567371842705,440.02289526418537
2025-05-28,125.15299740318106,116.21901923296886,111.18581264486404,156.5326041228991,433.1348540651684
2025-05-29,125.73948481642026,116.3436735832277,111.72670514573258,158.62902292811648,445.9386560251938
2025-05-30,124.79734999420558,115.1614033852133,111.00885383735022,155.33465051991772,437.48336103314
2025-06-03,125.05052236354098,115.18664763832388,111.32345338903724,155.9336273214084,443.4357916676764
2025-06-04,125.62517757451128,115.64554163372362,111.57615827991462,157.23141039130485,447.7742609596236
2025-06-05,125.70721153731618,115.3149395478895,111.88358307116832,156.8320925236444,448.1129363789865
2025-06-06,126.26567849904772,115.43513296302916,111.90826430787592,156.43277465598396,455.7025768006217
2025-06-09,126.36895004853803,115.69032005680879,112.06001319328504,156.8320925236444,458.6999649095617
2025-06-10,126.54826234720042,115.59277320662484,111.54867171203674,156.8320925236444,452.2223797717255
2025-06-11,127.0387464958172,115.88143215694573,111.80983452066742,157.4310693251351,459.5468764725016
2025-06-12,127.06061945976947,115.98058788886772,111.34311211067755,156.8320925236444,460.09943500698387
2025-06-13,126.55542760513734,115.6337249261925,110.33725484094434,155.13499158608747,448.5654259148789
2025-06-16,127.05180945111849,115.57077374810514,110.81594390377822,155.66315865368864,453.7289228509192
2025-06-17,127.46996743534407,115.54654643460576,110.67907668508717,155.51501466370274,453.7396272447361
2025-06-18,127.07852801368576,116.7066458467162,110.8506204817193,155.2435328941001,457.1391785996056
2025-06-19,126.85002586282812,116.18827723333156,110.28483809462118,154.3930197707982,443.95827663846666
2025-06-20,126.69384073365426,116.44949273416726,110.60726065665772,154.34296409912494,438.5616044937704
2025-06-23,126.27151294079295,116.25611131477966,110.84574840236716,153.56748842118853,448.6847466098434
2025-06-24,127.367719660428,116.64512899270368,111.9090546096304,152.73574431044807,459.9144442571088
2025-06-25,126.92027861570332,116.9534348137597,112.46691584074155,151.65768725641456,457.48860996306416
2025-06-26,126.63658016303536,116.94236837311512,112.43888406401932,150.3331050567635,455.8499927875308
2025-06-27,127.2290904564108,116.81278780033378,112.12796236891027,150.0816493250873,460.114275413429
2025-06-30,127.70383471038149,116.88333646193591,112.61884183441826,151.15347336913868,472.1478821682693
2025-07-01,127.67306836665593,117.17628667234492,112.49954598915338,150.91064718020797,476.5065108372282
2025-07-02,127.69358980305483,117.57537911087972,112.33762583662926,150.0114169736603,479.36633984920417
2025-07-03,128.16426790909867,117.62552005256876,112.48117417777298,151.4718076688891,483.3815590294623
2025-07-04,128.45037925991772,118.0272089102057,112.5611032559527,151.29633866254233,472.7586136882179
2025-07-07,128.12629218937224,117.98564737012032,112.53712677278382,149.57409537288692,484.7015501766429
2025-07-08,128.2949843437957,118.17901571524551,113.04493121379879,153.0476170189871,497.1211925546209
2025-07-09,127.93273806162,118.11228231790626,113.0394357449922,153.3311698064239,497.0335966791042
2025-07-10,128.39581204869663,118.5284490268239,113.60126890026854,153.75649898757902,500.3206486469731
2025-07-11,128.49485946321687,118.50180285284753,113.57593393443123,154.89071013732604,501.2062374335448
2025-07-14,128.43220823092113,118.92209576851572,113.5741860740072,154.32360456245254,505.0328056186894
2025-07-15,129.1192846112724,118.59573259318526,113.49399616295328,156.8046914525241,498.1268731529206
2025-07-16,128.5886540921935,118.50951072135032,113.52671538322792,156.379362271369,501.3882742858396
2025-07-17,129.68495851986512,118.53205979256394,113.8020818571103,159.2857783425957,503.60348330166335
2025-07-18,130.46936627024132,118.82892919373003,114.25459406822426,159.64021932689164,506.0442144110617
2025-07-21,130.74515611088322,119.38893584561352,114.46538367906042,161.27064785465294,513.2078054392258
2025-07-22,131.00324774217367,123.07469636679367,114.50339356676086,162.2630826106816,520.4392392926843
2025-07-23,131.37216865492698,122.80759531763394,114.84516860391685,162.12130621696318,518.9943016407925
2025-07-24,130.2825213865518,122.9342926115814,115.11256428331835,164.8150576976124,529.2966435036708
2025-07-25,130.29555128478262,122.55579659525813,114.69296476171245,164.31884031959805,535.2104669981171
2025-07-28,130.5939748231133,122.26268922826937,114.95686273201649,166.0201570442186,541.0508516271162
2025-07-29,130.36644391094976,122.93112601040717,114.4101200324396,168.92657311544528,539.3527838258522
2025-07-30,130.73232914398366,123.26092004594416,114.20412376119813,166.23282163479612,543.0254025485275
2025-07-31,131.30684361240333,122.1099562305987,113.53297406436072,163.11374097299188,542.9709454214878
2025-08-01,130.27342141539555,122.18771828732751,113.30853639885783,163.25551736671025,559.097552665914
2025-08-04,129.86032743586637,122.49736193421808,113.82161772888149,163.96439933530212,564.5068513381814
2025-08-05,131.18900233449523,123.02513764660657,114.3078235509398,164.4606167133164,562.4934656073942
2025-08-06,130.937080347954,123.13940554424141,114.86909029286461,165.59482786306344,556.7588659056004
2025-08-07,131.46048907215442,124.26801032398866,114.8836309388717,164.4606167133164,555.7720507438353
2025-08-08,131.90705780129255,124.50442674740356,113.95905646214084,163.89351113844293,550.7734465504509
2025-08-11,131.9873972094514,124.52348130191923,114.51036663230865,167.08347999710642,554.6481249544877
2025-08-12,132.04380301417316,124.78379503324264,114.87291105432142,169.06834950916365,550.154761490786
2025-08-13,133.67087427544047,124.96440590461656,116.15160410118332,175.3065108327722,548.01696671684
2025-08-14,133.43823277647243,124.66215258694828,116.13445985264322,173.39252951757413,530.3425457985699
2025-08-15,133.44406046427645,125.69428683689317,117.70982406850278,177.858485919703,540.0030931463573
2025-08-18,133.29227562135614,125.67117175641296,118.65388713361126,183.03332429042376,554.464123656446
2025-08-19,133.14464038566896,125.5667087870271,117.80459482500198,182.5371069124094,565.032675727717
2025-08-20,132.3794302397492,126.45956520309764,118.6570488354878,183.45865347157888,569.0524157176682
2025-08-21,131.933438688896,126.52873848600761,118.074428652243,182.32444232183184,570.7117750303557
2025-08-22,131.0189142794979,126.63875452133895,121.22076410019041,188.7043800391588,569.2470623618843
2025-08-25,132.49708501281495,136.1751543026569,123.2266379584094,194.0209948035979,566.8594511157602
2025-08-26,131.935711738704,136.20167719288474,122.43325411238884,192.5323426695549,564.9062537624991
2025-08-27,132.45343415381365,134.96716702183366,121.35876896630239,191.1145787323712,548.3272392492156
2025-08-28,132.11653739517325,135.1025391920505,123.0911135235227,198.91228038688183,548.5560775397221
2025-08-29,132.2639771669446,135.05733445496685,122.83630314814849,203.09468400157397,553.9652888502545
2025-09-01,132.39435977532054,135.2286295666671,123.1874272976574,207.4897522068437,577.1177188467132
2025-09-02,132.29660324556255,135.43882030599946,121.39340885984826,201.8895846549678,585.0020910771826
2025-09-03,132.98009960572492,135.54148672676277,118.4832139884425,203.4491249858699,564.9621546636812
2025-09-04,132.50670541944544,135.0006488077324,114.95563084724418,195.01342955962653,578.9338103073592
2025-09-05,133.47471131520578,135.53621394681835,117.4905833126755,208.69485155344992,596.5209175163127
2025-09-08,133.71062529000258,135.73837830913132,118.12567443433872,206.142876466519,603.1030119188865
2025-09-09,134.44238270964345,135.7480838893418,117.46104881374792,201.67692006439023,595.7862734577855
2025-09-10,134.47952598902182,136.65683276215182,118.64428580768136,203.80356597016583,600.3185617177172
2025-09-11,134.3993537590122,137.10357928648477,122.3065792014641,214.43679549904405,604.772068501579
2025-09-12,134.845420773019,136.95809231989944,122.49922576495314,212.31014959326845,600.7170466362744
2025-09-15,134.7446256777976,136.8053095089143,122.9543548134848,215.28745386135432,600.1986749593619
2025-09-16,135.35002383309697,136.61628596116654,124.22213309738537,216.8469941922565,599.3362676377403
2025-09-17,134.79045572278142,136.99959623597283,126.56138518227822,221.1002860038078,605.7776542281351
2025-09-18,134.92487961622243,136.0103436870396,125.52823657518178,217.41409976713,600.9584740460124
2025-09-19,135.56818462803196,136.12555231718096,124.36530117836962,217.05965878283405,598.3757693024263
2025-09-22,137.84884853471496,135.86353424553366,126.43152812880368,218.47742272001778,588.8996499753783
2025-09-23,138.12726082832643,135.76774887030845,124.77680357924676,219.25719288546887,570.9700714634617
2025-09-24,138.02524339525738,135.7529356752366,128.19157912917055,224.00670207503444,580.1420643612444
2025-09-25,137.82226895995095,135.70538883812196,128.93939371803305,227.622000114853,569.0601748036469
2025-09-26,137.5631799861876,140.33529430917008,127.26147818851908,221.80916797239965,563.4826204134964
2025-09-29,138.3233961956258,140.59058250151406,129.95917104108094,227.76377650857148,567.8050463258247
2025-09-30,139.00488141206358,140.69645024085574,131.19400383906356,228.04732929600823,562.5905832094738
2025-10-09,141.5000922800711,141.4782664821287,132.50721167738706,229.3233168394736,555.8806083016714
2025-10-10,141.35517627054784,141.58505689811977,128.34286748647702,219.39896927918724,561.1281782104827
2025-10-13,141.20069759898232,141.47015147272418,127.40331743160252,222.09488345774108,560.5641865445834
2025-10-14,140.36319524821508,141.63165175495098,123.14473185843724,220.55694359761043,560.0483165846597
2025-10-15,141.63657068217273,141.9986725924586,125.358589122522,225.74244319794587,573.0342901620394
2025-10-16,142.19106161331047,141.8979822968711,124.56717733477527,226.93021896524422,566.5847933529018
2025-10-17,141.5864315092064,140.6642340483656,120.71202813071619,229.1774076975837,564.5404013911356
2025-10-20,142.85108282860534,140.78941273716765,122.16633469576786,221.91292128691146,572.6329182503713
2025-10-21,144.03202052966483,141.2396075421146,125.17165402982656,227.22848759309332,590.6488096072753
2025-10-22,143.42535042953216,142.27560896447648,124.02335258261456,217.91427456108988,587.6116153341934
2025-10-23,143.78233971112465,142.76419379571195,124.12208124333914,215.35226737747965,584.7331640274203
2025-10-24,144.10480020577515,142.7607979952962,127.46430598256,214.29873171319133,584.4048548797513
2025-10-27,146.28728495119142,143.21308507895154,130.40463358801318,213.43674798786455,586.9405128466025
2025-10-28,145.57362145980198,142.89211833471583,129.29107790300216,205.84650240651462,585.6582314303824
2025-10-29,147.14510313839955,143.2573949210128,130.732388233536,208.1211816816826,597.2185023341506
2025-10-30,146.5521226967738,143.2468158215493,127.80476824869838,208.40850959012488,591.8303620262897
2025-10-31,146.71281181746514,143.2057767459078,124.61210893866293,210.56346890344187,598.5969199568385
2025-11-03,146.9830435935862,143.8588449050977,124.07229243283746,210.30947844272413,604.627365581261
2025-11-04,144.95972111076668,143.61597586964407,122.89569887978196,208.02775020592375,596.0494001719312
2025-11-05,144.65306163666293,144.80645483294035,122.25254202215243,206.49522602174068,600.5290864957502
2025-11-06,145.55288993635034,145.8060707818723,125.65370480364908,208.64455205235691,596.6699691901068
2025-11-07,144.91627264815548,146.43918600363256,123.81847284321898,208.2913940155458,596.5831850852995
2025-11-10,146.46589393368058,147.24677891506187,123.49121637897473,211.07658503848356,596.6302466404445
2025-11-11,146.98587481857282,147.16117598282997,121.38441466294974,211.9420964071703,599.3975319170546
2025-11-12,147.6695371843909,147.5049302119246,121.2783746843499,213.564930223458,604.116344212086
2025-11-13,148.476903777337,147.80760208007615,122.36531055555675,213.67311914454388,601.9673471549961
2025-11-14,146.9655621464238,147.21556214232027,118.69278993810155,208.0472952480799,593.3777752018193
2025-11-17,145.3489564930129,146.63979027856487,118.09229543918856,206.5326503528781,584.6328447793746
2025-11-18,144.00148353045932,145.8058160311935,118.1474372814992,199.5003704822982,578.7555475013841
2025-11-19,143.11185638935183,146.0266493831168,117.78859742042158,198.63485911361136,569.0161647381423
2025-11-20,145.2724141861299,145.76130922151975,116.94406577812208,206.3162725107064,565.180958616843
2025-11-21,142.87092356221774,144.4517191318815,112.16316795566294,199.93312616664156,539.5254634646167
2025-11-24,144.19540119662835,144.2484941801884,112.43335448468228,202.01471975099062,546.1424449717802
2025-11-25,145.91878079953256,142.8666043858706,114.11137211471008,203.88664389767004,553.8492427521782
2025-11-26,146.90913406517146,142.83245145207738,116.30934318434294,204.42217245264814,550.0759931840934
2025-11-27,147.2924739492584,142.82993012207976,116.29936967881468,205.9284833723412,553.5036706463183
2025-11-28,148.1682119111575,143.05419502159722,117.1074168696435,206.4738536506024,552.053050476524
2025-12-01,146.9996114693125,143.8048093480406,118.87256993234875,203.79701146207088,564.1695889193915
2025-12-02,146.87882380493718,143.6930716109994,117.95502512960346,203.13878638905248,556.908211737618
2025-12-03,147.5586190953069,143.7991592762296,116.81074590294351,203.0099265890847,550.8372296070564
2025-12-04,147.26504658936815,143.59080103868467,118.163959781391,202.422717069628,541.040914183907
2025-12-05,147.12822413829403,144.11790688172198,118.61410100356164,202.4754022982497,555.0427321037837
2025-12-08,146.5902050656772,143.86215927847977,121.96360741325387,201.7706510746704,555.7599701473285
2025-12-09,145.3351058573132,142.96240548838958,122.70644039845548,200.35316241728523,547.0961733927
2025-12-10,146.26409719438462,143.02096098024444,122.58078476692044,201.4384271705957,544.2934762056943
2025-12-11,145.37109753950628,145.9225753133373,120.17550405377786,201.7706510746704,548.2603414997654
2025-12-12,146.29004548500197,146.28183590462464,121.27830011141552,204.3619975264526,545.6430657335997
2025-12-15,146.0009188068317,146.38326507881865,118.608802599325,207.1083818001364,548.4124542533604
2025-12-16,144.88527090833972,145.9048675638724,116.60245414682598,204.649924909984,549.404739687475
2025-12-17,145.56356380460332,146.40221506407946,120.32097642787507,206.20030312899905,550.2075519062932
2025-12-18,144.85851685082875,146.5796947214407,118.42449007173938,206.37748921117222,553.7294316584602
2025-12-19,146.2214141927471,147.01098721653702,118.7229174461117,206.266747909814,562.3695752002033
2025-12-22,147.4856091575021,146.96277357237733,121.90354116533175,210.65210344359932,565.8542631929065
2025-12-23,147.6191804523141,146.85321580453646,122.60385617316626,213.48708075836967,556.513486039033
2025-12-24,147.80062658504158,147.02798028281728,124.73578812038414,213.55352553918462,557.0693131882822
2025-12-25,147.57395328513476,147.030995674974,124.71852632906119,211.8702577585398,561.0911085090512
2025-12-26,148.2002293835086,147.3183055959971,124.42994206172568,213.73071162135778,556.0202812720647
2025-12-29,147.513727276722,148.73425678886986,124.4609296628418,211.92135797553044,547.0764416457523
2025-12-30,146.57707565189637,149.031492739881,125.35540349168548,209.68006667527283,546.600478436765
2025-12-31,145.69018449379783,149.02896702986007,123.76903507613213,207.77131584904228,545.9127556706744
2026-01-05,147.41494693692732,149.36007042268528,127.8187648489118,213.83162920741648,554.82777083672
2026-01-06,147.6346302361694,150.1754854217004,129.90008470227414,215.26542861081887,562.115434529251
2026-01-07,147.87214041653192,149.89226798129556,131.0233850731879,215.7868102120561,558.1010341259606
2026-01-08,146.9631115133513,149.65387073780855,130.22237620646388,214.22266540834443,565.4605507046161
2026-01-09,147.58670654858844,150.0425580022153,131.36562761764438,215.98232831252,569.5278421239743
2026-01-12,147.5552447405924,150.22892473187716,133.02382830670524,219.69717222133528,581.5586366869301
2026-01-13,148.2236971446696,150.39879525775635,129.61342138088185,215.4609467112828,590.1430670481212
2026-01-14,148.14652670085113,150.10903548610355,130.5853859352687,217.1554369153038,592.6045594881293
2026-01-15,147.71510812525588,150.1724762077257,132.86269510022,218.45889091839683,586.1682549032337
2026-01-16,147.6271955590147,150.87289020057472,135.10783421269343,218.0678547174689,582.0592265715776
2026-01-19,147.4988388555773,151.68459121256663,134.388533132102,216.24301911313867,584.8060846216916
2026-01-20,147.258762323638,152.57470764957074,132.5172287206292,212.65852060463274,599.5970011953527
2026-01-21,147.9338864961044,152.5108926368858,136.01863839410973,213.83162920741648,604.9775214471082
2026-01-22,149.1826475839008,153.02496028781238,136.289934305864,216.04750101267464,622.3212061973957
2026-01-23,149.26633442733635,153.21867797987045,136.7365869412864,217.48130041607703,619.0374285162621
2026-01-26,149.78673986746924,153.71942382069227,135.4053024054664,218.40559228415185,616.7951814813074
2026-01-27,150.15807101336364,153.08799806200696,136.6350316323078,219.3854822382716,608.6923155533257
2026-01-28,151.8126899384201,154.3340672422667,138.35497880227862,221.17807272309503,609.1171938720132
2026-01-29,153.63204100656077,155.31642057644754,134.9466920620714,225.27701902543936,608.100554190631
2026-01-30,150.51037523063303,154.1285618992814,134.5282817737418,220.28109634289984,603.5827038065248
2026-02-02,145.45904563894146,151.68097852615955,128.92174944222938,198.1276089336515,590.0398211482822
2026-02-03,147.76947147057356,154.61898660848505,131.74189611333264,208.40592857352803,598.108557164389
2026-02-04,148.58010204811382,155.72545648139408,129.97198072809965,217.30447378703985,604.2078074246023
2026-02-05,147.36526806134117,155.35978735617567,127.4243258068438,210.42559838603293,598.0059482193456
2026-02-06,145.87939607435098,155.46295291046673,127.14797697285766,207.10614107043082,603.9859332430402
2026-02-09,148.40093987561391,156.1775872085136,131.06626295960535,214.3449576261416,606.598675762156
2026-02-10,148.0475115767501,156.2543887863667,131.2560498701394,213.3451210852975,600.1833169477208
2026-02-11,148.48007926371778,156.5950850600991,130.6463435088595,215.12483012799984,600.1250598362984
2026-02-12,148.2599382403521,156.62206710329005,132.58521934459682,214.36495435695844,596.164012686982
2026-02-13,147.85337999021314,155.58787837097344,131.37180538613572,211.46542838851076,595.0776429411619
2026-02-24,148.7827152058172,157.02744529349394,133.48908822932032,218.9642024448409,603.1354016675137
2026-02-25,149.28720382075957,157.35016878028577,135.1015573509235,219.1441730221929,603.7462092462218
2026-02-26,149.30841356364607,157.46215071288128,136.30638695354696,218.22432340461634,601.3265694581856
2026-02-27,149.05181020320552,156.2305593871274,135.79667802349942,218.624258020954,598.2951931716642
2026-03-02,149.9953544562368,157.320003204478,135.58613690221216,228.3026757363241,589.7275348055589
2026-03-03,149.6930109653139,157.17580730089392,129.82980876793076,225.14319226725692,615.3106299522661
2026-03-04,149.34174828227745,156.4578844267093,128.8988947987475,219.5641043693473,602.9586143874344
2026-03-05,149.46648775573132,156.80579894513832,131.023328733852,219.24415667627727,605.9535755949097
2026-03-06,150.8016809871212,157.15463941433674,130.47959354461852,217.4244541719412,617.8388853316591
2026-03-09,151.70849119122747,157.01815319985653,127.97795254464558,223.98847560525735,609.0731798668584
2026-03-10,151.61142402805604,156.9253699795342,132.0690641361792,221.28495403862095,613.4388465135542
2026-03-11,153.39054493896543,157.52661941421772,131.9773564512476,225.55219738917063,609.4833555999054
2026-03-12,152.84987114564942,157.84835687710336,130.70386511402413,224.5174611764806,600.2553937914219
2026-03-13,153.94671665336094,157.43975215560795,129.59478243498054,229.14630925103262,601.7028344762853
2026-03-16,152.21508256414597,156.85505638806848,130.68879097713588,223.2418373100697,602.4925999906065
2026-03-17,151.75045335856382,155.7394224768935,126.65079208454834,222.05753048083855,591.907578770126
2026-03-18,152.2384406079272,155.40435243004714,129.36934958676275,222.15622271660783,592.6032374080224
2026-03-19,149.9361675021464,154.51122540056485,126.62912949462486,221.46537706622303,569.7856253969079
2026-03-20,147.8042452986533,153.89386464545572,126.26400055284222,217.6163798712218,558.2014432842467
2026-03-23,143.26007118458668,151.71630713140578,120.12220745301691,220.0836857654533,532.5992534319988
2026-03-24,145.93584285126528,151.49094172655995,121.95565502766247,221.2679925946845,553.092608646009
2026-03-25,145.8241158345228,152.16915971742787,125.56521554080504,213.07653702583576,558.3702313784528
2026-03-26,144.91128796988505,151.7547764826807,122.73733030562768,213.27392149737423,557.0791868302131
2026-03-27,143.86785913931087,151.9589204611053,123.076233794474,209.42492430237309,563.1174310310358
2026-03-30,143.4602656357736,152.23762038078132,122.81944550393058,210.70792336737347,561.040029256713
2026-03-31,141.83689118260372,151.94146181415795,119.94421248039448,204.29292804237144,560.2272782043744
2026-04-01,144.93443743754224,152.36096075484184,123.50182242511201,201.4308532050629,571.0219520492927
2026-04-02,143.91263693843936,151.2483030965431,120.31527908193527,205.18115816429489,576.0711500916964
2026-04-03,143.91597834490068,150.40067050249218,120.9595996170878,203.10862121314037,558.3289719875734
2026-04-07,143.92393718778473,150.56672939531092,122.0319944737139,202.9479035133845,562.381806188242
2026-04-08,148.0327039080228,151.47284101999355,129.8767552595333,210.0803130420505,582.3922324866601
2026-04-09,147.3672119769142,151.1932639043361,130.50374112317223,209.16123669655104,567.5706955293191
2026-04-10,147.99453647622312,151.4516279898666,133.58799649167173,209.70913436647248,572.6087185932372
2026-04-13,148.4805582557983,151.2076152345032,134.24708380302403,209.4647403014565,573.2094077741062
2026-04-14,149.40729202339546,151.21797196657388,136.80842193763718,213.2464150284192,576.6856099642937
2026-04-15,150.581779537652,151.16911050633695,135.29012555118624,215.36122814452048,579.5417574651387
2026-04-16,152.5104816045423,151.54156103765945,138.0118250279436,221.00983912287603,581.2186696822005
2026-04-17,151.49394974614484,151.06021485013093,140.94041895520283,220.85557582527443,593.0854155212497
2026-04-20,151.35801931675758,150.98251588025315,143.78471518495422,220.83303173495503,597.6057728865717
2026-04-21,152.29002013620092,155.46231369261932,143.49263577877838,221.374289165678,589.0915990558353
2026-04-22,153.3880518180263,155.27734894269452,148.81397646682788,226.00504718408524,594.9416206668252
2026-04-23,153.04510289006345,155.49958658723702,146.95945257497505,224.20085574834215,584.0603655981458
2026-04-24,152.1765467469213,155.23263762388876,145.28039969072225,220.95331116400456,577.851192179817
2026-04-27,154.24266254120653,155.03402421788982,149.32925387919477,219.6302374444596,582.7721097396286
2026-04-28,154.75173851063852,155.42541335749436,146.83052695663267,216.62325171822107,571.7111920972955
2026-04-29,154.67103179765886,156.22643936861388,147.69023673705496,222.1561054545,577.4486096046165
2026-04-30,154.6867940271863,156.79683736881665,150.16370893886833,221.8554068818761,586.6248394893089
2026-05-06,156.7395074238417,156.83508597809018,155.9717321146074,227.68895919077877,590.447694522312
2026-05-07,157.95356533888722,156.28382064204956,159.67693105936925,231.23720234774026,593.7896671056714
2026-05-08,158.47276838291455,156.07529296729217,158.2092253663528,228.89175348127412,602.7603378872138
2026-05-11,159.98767151187653,156.29006550449108,164.23258170590108,235.9759767387692,601.6179927673514
2026-05-12,158.93963923659305,161.18598080468465,164.2684779461568,234.64680942920702,590.9990648013493
2026-05-13,159.53809273847702,161.32835728762743,169.24566855746306,239.31537597436008,587.2354954286085
2026-05-14,159.4646726747054,160.92912681689555,164.66330214296715,236.4028156283213,576.8991908638383
2026-05-15,157.39293305886514,160.22018256280944,162.05036410411878,236.55696855309395,574.4443787443552
2026-05-18,155.96861661446002,159.52032697721907,164.40314079429191,232.57515352039292,570.4133814010522
2026-05-19,156.1148679249152,159.74810142514923,166.30118174426022,230.4362726312896,577.8404430651817
2026-05-20,155.54272884904762,159.38353511782464,168.7595483768468,231.67457209340202,568.0380555796403
2026-05-21,156.85374687027303,158.38194724327494,163.4419469345996,236.7403426202257,549.7806186124144
2026-05-22,158.39233955371776,157.14716840338986,170.2141102865114,241.58096779030163,558.3293760007901
2026-05-25,160.9481040289372,156.86094206774646,176.54398148481732,251.1496454520796,547.3065467157354
2026-05-26,159.6159792502891,157.20744788191234,176.2617821079065,245.9713022468821,531.6204296303357
2026-05-27,160.55982568510234,156.67747280135464,174.35296394528743,250.24906402508879,514.9744289229649
2026-05-28,159.97422792484878,156.4071035865222,177.14006774205183,249.235909919724,520.649112747633
2026-05-29,162.30332457501498,157.54715464672122,171.54135852706557,255.8776979437817,515.2002912654079
2026-06-01,164.9900273870477,158.29673727861018,165.72067788262893,266.2343843541768,526.0397440084307
2026-06-02,163.79526485992108,157.96389002890797,171.2500294231573,263.7577854299518,523.3940977085824
2026-06-03,162.46767386249667,157.47023178800285,176.13379143067263,258.804587581502,513.2385643996124
2026-06-04,160.0577440426271,156.43017309796642,177.4013466181447,252.16279955744437,500.80429754521754
2026-06-05,158.5964692621942,156.1946491322703,171.6523249135249,248.22275581435932,517.8150318527906
2026-06-08,154.54838050761126,155.5340187773823,164.9250354312068,237.97864208233807,518.0359892867758
2026-06-09,156.87045631411547,155.31710654710955,172.84179103923526,247.65989242249003,515.1060500498062
2026-06-10,154.99540066610805,153.9606253949111,167.687734634453,241.24324975517996,507.3754334963463
2026-06-11,154.25511645526893,153.85943154510977,166.42423224967956,239.77980493631983,489.9240011254501
2026-06-12,155.53320165788534,154.70838330334612,166.3791833784153,243.3821306442834,497.9803111456101
2026-06-15,159.22214187457578,154.321994575503,176.1394773692088,254.18910776817384,496.700339572676
2026-06-16,159.89293220239892,152.91499651970412,180.06555635724354,256.6657066923987,487.9927364739037
2026-06-17,160.1508224461673,152.3724419087577,185.07081801299884,256.55313401402486,485.6102422544792
2026-06-18,158.9105305523641,151.03228896704286,191.26095505628945,255.0896891951647,475.40078735295054
2026-06-22,157.65074701181226,151.56772683282023,195.83159760332435,256.1097630530121,481.4835680517946
2026-06-23,154.8030114562308,150.79516621826892,187.555349252186,247.02118292424063,497.90216903461805
2026-06-24,155.39703096779957,149.79440556391077,193.72821074721205,248.97215427539408,481.7079785047636
2026-06-25,155.1148900241514,149.12046231638232,200.50236751805724,253.3581252908496,466.4831302373834
2026-06-26,154.06690200354552,147.92822777541065,191.25423563510736,245.95020318591577,449.28565201639674
2026-06-29,154.7073154617048,148.80518509265616,192.5479129623816,247.01634024751016,460.56561213777167
2026-06-30,154.58523882503363,146.52175534453426,199.5165382720796,254.480478951873,459.83783056965297
2026-07-01,154.77864910039696,147.693736778909,193.6635426800981,249.2322564253679,476.58301512511326
2026-07-02,155.9098452400975,148.0441249670993,179.15880715649092,235.35362352194304,471.6182645875291
2026-07-03,156.90544519338346,148.77518542094313,180.10765320269044,235.4119371055709,485.1741998011112
2026-07-06,158.524672256024,149.7830414176843,176.44212943783907,235.24464707326072,488.9340907851628
2026-07-07,159.22029492410843,148.717516350114,175.7663960858387,234.8717375739509,474.8984301621592
2026-07-08,159.0296262033064,149.00795482527164,173.33751529604635,233.60650385254633,466.4574550992375
2026-07-09,159.0120167269485,148.1129556345181,186.43387283785168,239.1708231549285,466.7442029038904
2026-07-10,158.98315744348017,148.90646592398969,177.11191151697534,231.95915689867044,485.5603887102314
2026-07-13,160.02355740631327,149.01063293963185,167.85476934494662,238.5177037530386,462.92677284758366
2026-07-14,160.03493248935604,150.1842430747131,175.04835927374427,238.19333697549595,477.2814014437183
2026-07-15,161.41103101733097,151.43408102880082,168.48385826512782,241.2207602325608,477.61320660615286
2026-07-16,158.8797527824921,150.90326673901785,162.48840658169917,232.24661272054715,480.5755086508488
2026-07-17,155.90116666905502,151.45356476182272,149.71626223844203,229.54355624102493,471.087934617922
2026-07-20,157.10121299438086,153.94244456223922,145.0600542474191,235.70652501433557,465.5004432535517
2026-07-21,159.08434644926564,153.2974493339103,158.1616210566586,237.5446034204106,467.0162017488712
2026-07-22,159.73945232553822,153.744623805112,153.850684550328,239.27455956730483,458.6333400815666
2026-07-23,160.55786397197136,154.35830923566778,152.0980780324104,242.51822734273145,470.25338189099824
2026-07-24,160.432851358819,153.08653494829,149.7258839125202,247.5999735242332,458.3914483232787
2026-07-27,160.33602697730544,153.5065356940677,153.3352582813475,243.70757219372118,469.7936544302287
2026-07-28,155.02297003362298,153.74393297110583,141.47499031962803,229.32731172266315,476.1348324820143
